filename,sam,psnr,label,mask_area,,,,,,
f080107t01p00r08_38,1.529047614,34.0917438,Mountain,"88:105, 30:110, :",,,,label_type,,
f080107t01p00r08_41,2.341186929,32.91429501,Mountain,"12:33, :60, :",,,,City,15,
f080107t01p00r08_5,2.590709401,31.86360414,Mountain,"110:125, :55, :",,,,Mountain,51,
f080108t01p00r07_54,1.578259174,29.58931927,Mountain,"145:165, :40, :",,,,Water,65,
f080108t01p00r07_55,1.489394202,34.05621081,Mountain,"72:90, 40:125, :",,,,Vegetation,139,
f080702t01p00r05_10,0.647127822,36.79632502,Vegetation,"63:85, :25, :",,,,Cloud,2,
f080702t01p00r05_12,0.479137012,39.20571999,Mountain,"152:192, 105:120, :",,,,Farm,28,
f080702t01p00r05_18,0.820176616,40.70463916,Vegetation,"185:208, 60:80, :",,,,,,
f080702t01p00r05_20,0.604458522,40.40556803,Vegetation,"180:202, 30:60, :",,,,,,
f080702t01p00r05_4,0.641374488,43.5905465,Vegetation,"108:132, 78:94, :",,,,,,
f080702t01p00r05_6,0.783820637,39.56202336,Vegetation,"175:210, 245:, :",,,,,,
f080714t01p00r05_10,0.995475871,35.19978409,Vegetation,"120:155, 170:208, :",,,,,,
f080714t01p00r05_12,0.544551532,35.99081203,Vegetation,"148:168, :15, :",,,,,,
f080714t01p00r05_16,0.90955644,32.74935157,Vegetation,"80:110, :35, :",,,,,,
f080714t01p00r05_18,0.829685806,36.84689827,Vegetation,"202:220, 140:155, :",,,,,,
f080714t01p00r05_20,0.596381413,37.8897024,Vegetation,"168:188, 170:190, :",,,,,,
f080714t01p00r05_24,0.604888158,34.66844316,Vegetation,"214:245, 210:235, :",,,,,,
f080714t01p00r05_28,0.799371707,33.3193715,Vegetation,"235:, 200:230, :",,,,,,
f080714t01p00r05_30,0.81765057,35.40913315,Vegetation,"95:120, 220:240, :",,,,,,
f080714t01p00r05_32,0.829804138,36.52375729,Vegetation,"230:250, 130:150, :",,,,,,
f080714t01p00r05_34,2.662016372,27.77352681,Vegetation,"180:205, 100:120, :",,,,,,
f080714t01p00r05_36,0.812417201,34.15352855,Vegetation,"110:130, 150:190, :",,,,,,
f080714t01p00r05_38,0.683231612,34.86422953,Vegetation,":25, 110:130, :",,,,,,
f080714t01p00r05_40,0.620871109,36.96422455,Vegetation,"155:175, 80:105, :",,,,,,
f080714t01p00r05_42,0.764995554,34.3486645,Vegetation,"235:, 190:220, :",,,,,,
f080714t01p00r05_44,0.655071777,35.1530652,Vegetation,"82:115, 228:, :",,,,,,
f080714t01p00r05_46,0.731490415,33.26306794,Vegetation,"78:100, 220:248, :",,,,,,
f080714t01p00r05_50,0.847200714,32.70876946,Vegetation,"50:72, 180:218, :",,,,,,
f080714t01p00r05_54,0.940911949,38.73293873,Vegetation,"90:112, 125:140, :",,,,,,
f080714t01p00r05_56,0.966858374,34.98183664,Vegetation,"170:195, 185:215, :",,,,,,
f080714t01p00r05_58,0.996460575,35.31270569,Vegetation,"240:, 70:90, :",,,,,,
f080714t01p00r05_6,0.813641258,37.14872426,Vegetation,"235:, 195:215, :",,,,,,
f080714t01p00r05_60,1.046567292,32.44728077,Vegetation,"25:55, 45:75, :",,,,,,
f080714t01p00r05_62,3.556512744,25.49784062,Vegetation,"235:, 210:235, :",,,,,,
f080714t01p00r05_64,0.901618302,37.72986256,Vegetation,"65:80, 142:158, :",,,,,,
f080714t01p00r05_66,0.969788384,35.28312429,Vegetation,"50:70, 110:130, :",,,,,,
f080714t01p00r05_68,0.681585017,37.26973334,Vegetation,"20:50, 220:250, :",,,,,,
f080714t01p00r05_70,0.90603736,36.41877817,Vegetation,"110:140, 240:, :",,,,,,
f080714t01p00r05_72,1.04805118,34.08612693,Vegetation,"138:170, 198:218, :",,,,,,
f080714t01p00r05_74,1.084737712,34.48199605,Vegetation,"175:208, 65:88, :",,,,,,
f080714t01p00r05_76,0.994048323,33.12902192,Vegetation,"50:85, 45:65, :",,,,,,
f080714t01p00r05_78,0.965097418,37.18205619,Vegetation,"110:130, 85:100, :",,,,,,
f080714t01p00r05_80,1.207441241,35.41497142,Vegetation,"35:55, 8:35, :",,,,,,
f080714t01p00r05_82,1.30579536,34.50178462,Vegetation,":18, 105:130, :",,,,,,
f080714t01p00r05_84,0.926428812,35.81419574,Vegetation,"60:80, 160:185, :",,,,,,
f080714t01p00r05_86,0.669433832,36.86610167,Vegetation,"98:118, 60:82, :",,,,,,
f080714t01p00r05_88,0.884898473,31.71495511,Vegetation,"30:52, 185:222, :",,,,,,
f080723t01p00r09_10,0.599209991,33.29449386,Vegetation,"20:55, 118:142, :",,,,,,
f080723t01p00r09_12,0.579289266,39.7672051,Vegetation,"150:175, 185:215, :",,,,,,
f080723t01p00r09_14,0.578406481,36.67434845,Vegetation,":18, 72:110, :",,,,,,
f080723t01p00r09_16,0.589155182,36.00476341,Vegetation,"142:160, 110:140, :",,,,,,
f080723t01p00r09_18 ,0.498734969,38.18258405,Vegetation,"105:115, 20:35, :",,,,,,
f080723t01p00r09_20,0.60399512,38.56124016,Vegetation,"28:45, 60:78, :",,,,,,
f080723t01p00r09_22,0.633397536,38.57029429,Vegetation,"145:160, 80:100, :",,,,,,
f080723t01p00r09_24,0.576917796,33.31967929,Vegetation,"100:140, 155:180, :",,,,,,
f080723t01p00r09_4,0.636533101,40.99716096,Vegetation,":25, 25:40, :",,,,,,
f080723t01p00r09_6,1.555864127,31.50469868,Vegetation,"78:110, 75:100, :",,,,,,
f080723t01p00r09_8,0.666250718,35.72033048,Vegetation,"45:65, 105:122, :",,,,,,
f080814t01p00r10_15,1.226889925,30.08516608,Water,":20, 210:, :",,,,,,
f080814t01p00r10_17,1.231056739,37.43090311,Water,"230:, 145:168, :",,,,,,
f080814t01p00r10_18,1.432632674,33.97625703,City,"45:70, 15:55, :",,,,,,
f080814t01p00r10_20,0.787793575,39.51650167,Water,":10, 80:110, :",,,,,,
f080814t01p00r10_3,1.276864694,33.58799852,Mountain,":30, 145:175, :",,,,,,
f080814t01p00r10_8,0.911654419,32.18647215,Mountain,"70:105, 155:180, :",,,,,,
f080814t01p00r11_12,0.975921535,33.42703327,Vegetation,"198:230, 48:65, :",,,,,,
f080814t01p00r11_14,1.017388148,30.45240233,Vegetation,"95:140, 85:100, :",,,,,,
f080814t01p00r11_15,0.903976977,33.42638908,Vegetation,"220:245, 215:235, :",,,,,,
f080814t01p00r11_20,0.898431046,36.63644308,Vegetation,"120:148, 45:60, :",,,,,,
f080814t01p00r11_8,0.962877247,33.16589478,Mountain,":20, 230:, :",,,,,,
f080814t01p00r11_9,0.948624254,36.15469931,Mountain,"68:82, 205:230, :",,,,,,
f090705t01p00r07_34,1.260169044,35.23816817,Vegetation,"28:50, 30:48, :",,,,,,
f090705t01p00r07_4,0.851560951,35.82266928,Vegetation,"135:165, 230:, :",,,,,,
f090705t01p00r07_40,1.311338512,34.32617994,Vegetation,"115:150, 25:55, :",,,,,,
f090705t01p00r07_44,1.155482815,35.4818205,Vegetation,"115:142, 50:65, :",,,,,,
f090705t01p00r07_6,1.128786517,33.00335734,Vegetation,"225:, 155:192, :",,,,,,
f090705t01p00r07_8,1.214221689,33.59880392,Vegetation,"75:105, 100:130, :",,,,,,
f090705t01p00r10_10,0.681716765,39.0107868,Vegetation,"80:100, 60:78, :",,,,,,
f090705t01p00r10_12,0.693103126,40.9854355,Vegetation,"70:85, :10, :",,,,,,
f090705t01p00r10_14,0.608548348,39.5430349,Vegetation,"85:100, 135:160, :",,,,,,
f090705t01p00r10_16,0.754569841,39.09095112,Vegetation,"90:110, 90:115, :",,,,,,
f090705t01p00r10_18,0.791234486,39.10836909,Vegetation,"60:95, 90:110, :",,,,,,
f090705t01p00r10_2 ,1.098041701,27.10782387,Cloud,"142:165, 65:88, :",,,0,,,
f090705t01p00r10_20,0.792700684,41.96374715,Vegetation,"105:130, 15:30, :",,,,,,
f090705t01p00r10_22,0.960154971,42.53619198,Vegetation,"90:115, 220:245, :",,,,,,
f090705t01p00r10_24,0.738705178,38.27122281,Vegetation,"185:200, 115:140, :",,,,,,
f090705t01p00r10_26,1.089624059,37.44580507,Vegetation,"90:110, 15:35, :",,,,,,
f090705t01p00r10_28 ,0.74973403,41.14009655,Vegetation,"100:125, 215:235, :",,,,,,
f090705t01p00r10_30,0.648158577,42.64490031,Vegetation,"200:215, 190:205, :",,,,,,
f090705t01p00r10_32,1.16096439,40.18504091,Vegetation,"225:250, 220:250, :",,,,,,
f090705t01p00r10_34,0.904858817,35.71885455,Vegetation,"205:225, 110:130, :",,,,,,
f090705t01p00r10_36,0.921879634,44.18772335,Vegetation,"78:100, 200:220, :",,,,,,
f090705t01p00r10_40,0.774094959,35.6160209,Vegetation,"170:190, 170:195, :",,,,,,
f090705t01p00r10_42,0.726180159,42.61643008,Vegetation,"152:165, 232:250, :",,,,,,
f090705t01p00r10_46,0.617687489,40.09385138,Vegetation,"50:78, 75:100, :",,,,,,
f090705t01p00r10_48,0.934953761,38.98111688,Vegetation,"110:155, 180:195, :",,,,,,
f090705t01p00r10_50,0.742146588,37.70985165,Vegetation,"210:230, 120:140, :",,,,,,
f090705t01p00r10_52,0.919357205,34.66571041,Vegetation,"145:170, 60:110, :",,,,,,
f090705t01p00r10_54,0.961663295,33.18250263,Vegetation,"145:195, 235:, :",,,,,,
f090705t01p00r10_56,1.257980386,36.95962543,Vegetation,"90:115, 190:225, :",,,,,,
f090705t01p00r10_58,0.988820409,40.5120269,Vegetation,"100:128, 70:98, :",,,,,,
f090705t01p00r10_60,0.746798529,34.22994336,Vegetation,"5:45, 80:112, :",,,,,,
f090705t01p00r10_62 ,0.65908402,38.52708786,Vegetation,"80:100, 45:65, :",,,,,,
f090705t01p00r10_64,0.653691744,41.38520311,Vegetation,"150:170, 110:140, :",,,,,,
f090705t01p00r10_80,0.825089224,43.03373176,Vegetation,"115:130, 230:250, :",,,,,,
f090705t01p00r10_82,0.650959891,42.93940388,Vegetation,"145:170, 88:112, :",,,,,,
f090705t01p00r10_84,1.343291925,26.39864796,Vegetation,"195:240, 170:240, :",,,,,,
f090705t01p00r10_86,0.648566133,36.98134087,Vegetation,"100:120, 80:105, :",,,,,,
f090705t01p00r10_88,0.739317793,38.1375389,Vegetation,"50:70, 195:225, :",,,,,,
f090705t01p00r10_90,0.805102083,38.8559863,Vegetation,"115:140, 228:252, :",,,,,,
f090705t01p00r10_94 ,0.809605103,36.85217417,Vegetation,"125:145, 80:105, :",,,,,,
f090705t01p00r10_96,0.762031566,37.0032582,Vegetation,"65:100, 240:, :",,,,,,
f090706t01p00r06_101,1.020190849,40.90298373,Vegetation,"80:105, 60:100, :",,,,,,
f090706t01p00r06_104,0.542828374,40.43353127,Vegetation,"5:25, 72:88, :",,,,,,
f090706t01p00r06_11,0.603296199,35.03207157,Vegetation,"130:150, 210:230, :",,,,,,
f090706t01p00r06_116,0.977811045,49.90721963,Farm,"110:125, 170:190, :",,,,,,
f090706t01p00r06_119,0.652649911,37.26650719,Vegetation,"105:150, 5:15, :",,,,,,
f090706t01p00r06_122,0.798213756,41.85174672,Vegetation,"70:100, 15:35, :",,,,,,
f090706t01p00r06_20,0.638570764,40.13212851,Vegetation,"30:60, :20, :",,,,,,
f090706t01p00r06_23 ,0.834588778,31.46390831,Vegetation,"10:40, 25:50, :",,,,,,
f090706t01p00r06_29,0.80331661,40.80082459,Vegetation,"190:220, 180:210, :",,,,,,
f090706t01p00r06_38,0.493060646,39.77406922,Vegetation,":35, 30:40, :",,,,,,
f090706t01p00r06_5 ,0.624626553,39.26829834,Vegetation,"145:155, 230:245, :",,,,,,
f090706t01p00r06_50,0.804588863,36.71185079,Mountain,"95:135, 50:75, :",,,,,,
f090706t01p00r06_53,0.50813586,39.84922046,Mountain,"65:85, 190:210, :",,,,,,
f090706t01p00r06_8 ,0.665903108,39.05750797,Vegetation,"198:210, 100:130, :",,,,,,
f090706t01p00r06_86 ,1.592453762,37.38647989,Vegetation,"80:105, 90:105, :",,,,,,
f090706t01p00r06_89 ,0.847555112,39.87228628,Vegetation,"150:180, 100:125, :",,,,,,
f090714t01p00r07_101,0.620446748,39.2122171,Mountain,"148:170, 135:155, :",,,,,,
f090714t01p00r07_104,0.54301952,39.83927673,Mountain,"115:135, 60:85, :",,,,,,
f090714t01p00r07_107,0.640190871,39.54668825,Mountain,"50:75, 210:240, :",,,,,,
f090714t01p00r07_11,0.664279343,40.00260099,Vegetation,"85:110, 140:165, :",,,,,,
f090714t01p00r07_14,0.662541275,39.99524914,Vegetation,"185:215, 60:90, :",,,,,,
f090714t01p00r07_17,0.709829252,40.30673292,Vegetation,"45:65, 100:125, :",,,,,,
f090714t01p00r07_20,0.533481026,40.41194265,Vegetation,"80:115, 240:, :",,,,,,
f090714t01p00r07_35,0.575875895,41.3469606,Vegetation,"130:150, 240:, :",,,,,,
f090714t01p00r07_41,0.637533877,39.26602351,Vegetation,"10:30, 240:, :",,,,,,
f090714t01p00r07_50,0.704598515,39.3040379,Vegetation,"230:250, 160:185, :",,,,,,
f090714t01p00r07_53 ,0.677683816,41.4208756,Vegetation,"170:195, 20:45, :",,,,,,
f090714t01p00r07_56,1.290313324,34.01682647,Vegetation,"30:70, 100:135, :",,,,,,
f090714t01p00r07_62,0.59202945,41.83898436,Vegetation,":30, 145:165, :",,,,,,
f090714t01p00r07_68,0.565475744,38.17894586,Vegetation,"38:70, 148:160, :",,,,,,
f090714t01p00r07_98,0.649785568,40.16281025,Mountain,"200:230, 115:135, :",,,,,,
f090729t01p00r09_10 ,0.760021515,38.81827028,Vegetation,"58:88, 132:160, :",,,,,,
f090729t01p00r09_6,1.014670531,33.07439093,City,"90:120, 230:, :",,,,,,
f091009t01p00r07_14,0.362554289,33.40707647,Mountain,"20:45, 240:, :",,,,,,
f100506t01p00r07_32,2.801740255,33.77270283,Vegetation,"80:120, 40:80, :",,,,,,
f100506t01p00r22_19,0.843154172,38.10713281,Water,"160:180, 210:240, :",,,,,,
f100506t01p00r22_192,2.219330877,40.3674082,City,"40:70, 145:175, :",,,,,,
f100513t01p00r09_12,0.623374854,35.33515575,Vegetation,"68:100, 245:, :",,,,,,
f100513t01p00r09_18,0.918236869,37.08779748,Vegetation,"160:200, 240:, :",,,,,,
f100513t01p00r09_30 ,0.712502987,33.34772641,Vegetation,"50:90, 210:240, :",,,,,,
f100513t01p00r09_32   ,1.101630247,37.83407129,Vegetation,"100:128, 142:165, :",,,,,,
f100513t01p00r09_40,1.034979524,38.52893384,Vegetation,"62:78, 100:145, :",,,,,,
f100520t01p00r12_11,0.471169975,36.09051106,Water,"45:65, 70:90, :",,,,,,
f100520t01p00r12_14 ,0.395641491,37.03670694,Water,"205:225, 162:178, :",,,,,,
f100520t01p00r12_17,0.487697435,40.68311311,Water,":15, 70:85, :",,,,,,
f100520t01p00r12_20,0.463023164,38.22140299,Water,"135:150, 5:20, :",,,,,,
f100520t01p00r12_21,0.440186866,37.88076204,Water,"78:100, 80:100, :",,,,,,
f100520t01p00r12_23 ,0.434566252,40.87475425,Water,"50:70, 180:205, :",,,,,,
f100520t01p00r12_24,0.48222522,43.20444996,Water,"235:, 170:185, :",,,,,,
f100520t01p00r12_8,0.412484859,43.3914515,Water,"102:125, 160:178, :",,,,,,
f100523t01p00r17_111 ,1.015470336,39.99889487,Water,"118:132, 50:90, :",,,,,,
f100523t01p00r17_116 ,0.743203283,37.07154921,Water,"158:175, 30:55, :",,,,,,
f100523t01p00r17_117,1.366343764,31.26967783,Vegetation,"105:130, 110:160, :",,,,,,
f100523t01p00r17_123 ,0.884820383,40.49170696,Water,"220:240, 200:220, :",,,,,,
f100523t01p00r17_131,0.516284452,27.30635841,Water,":50, 105:150, :",,,,,,
f100523t01p00r17_23,0.731175356,39.94260964,Water,"80:100, 145:165, :",,,,,,
f100523t01p00r17_24 ,0.351507951,39.02388133,Water,"2:22, 20:30, :",,,,,,
f100523t01p00r17_33 ,0.50557301,36.48274538,Water,"240:, 175:205, :",,,,,,
f100523t01p00r17_38,1.597594239,36.77806766,City,"230:, 130:160, :",,,,,,
f100523t01p00r17_41,1.419381217,40.46324969,Farm,":35, 65:80, :",,,,,,
f100523t01p00r17_5 ,0.960941581,39.02251519,Water,"5:25, 200:220, :",,,,,,
f100523t01p00r17_53 ,1.770280706,36.60605039,City,"225:250, 210:230, :",,,,,,
f100523t01p00r17_6 ,1.631441544,39.73769608,City,"50:65, 190:215, :",,,,,,
f100523t01p00r17_63 ,0.986434344,41.18458469,Vegetation,"150:160, 170:185, :",,,,,,
f100523t01p00r17_65,1.471814789,31.91504221,City,"175:210, 140:185, :",,,,,,
f100523t01p00r17_66 ,1.522435228,35.601043,Vegetation,"225:, 70:115, :",,,,,,
f100523t01p00r17_77 ,1.716996709,33.78554757,City,"105:140, 75:105, :",,,,,,
f100523t01p00r17_78 ,1.126808403,37.16149299,City,"85:118, 28:42, :",,,,,,
f100523t01p00r17_8,0.68511483,40.57725946,Water,"90:115, 230:245, :",,,,,,
f100523t01p00r17_80,1.538427719,32.33279048,City,":30, 150:190, :",,,,,,
f100523t01p00r17_83 ,1.541923201,39.06544314,City,"8:45, 120:138, :",,,,,,
f100523t01p00r17_86,1.330880527,40.80588774,Water,"180:200, 130:145, :",,,,,,
f100523t01p00r17_90 ,1.638150345,37.01761536,Farm,"200:240, 30:50, :",,,,,,
f100523t01p00r17_93 ,1.378801379,42.49641693,Vegetation,"30:50, 145:168, :",,,,,,
f100523t01p00r17_99  ,0.612714067,39.63200275,Water,"22:40, 188:200, :",,,,,,
f100707t01p00r03_119,2.031228308,29.43867293,Vegetation,"128:172, 183:238, :",,,,,,
f100707t01p00r03_123,0.983628077,37.78192863,Water,"10:30, 70:85, :",,,,,,
f100707t01p00r03_41,1.286587119,30.89894052,Vegetation,"240:, 150:200, :",,,,,,
f100707t01p00r03_50,0.816943135,30.17125553,Water,"10:50, 175:205, :",,,,,,
f100707t01p00r03_53,2.013291098,32.35575352,Water,"35:55, 15:55, :",,,,,,
f100825t01p00r09_6,0.935206003,36.49433089,Vegetation,"60:90, :15, :",,,,,,
f100828t01p00r08_15,0.699422197,37.37015546,Water,":15, 185:225, :",,,,,,
f100828t01p00r08_18,0.621810038,41.30541572,Water,"82:112, 150:175, :",,,,,,
f100828t01p00r08_19,0.732504723,33.93330145,Water,"180:210, 25:65, :",,,,,,
f100828t01p00r08_26 ,0.673615548,30.8138792,Water,"100:140, :20, :",,,,,,
f100828t01p00r08_27  ,0.64163136,33.15821628,Water,"95:130, 172:200, :",,,,,,
f100828t01p00r08_30 ,0.848849319,38.88122782,Water,"25:45, 170:190, :",,,,,,
f100828t01p00r08_74 ,0.633982171,43.14118281,Water,"190:215, 140:160, :",,,,,,
f100929t01p00r12_10 ,1.675266926,32.85349091,Water,"10:20, 120:150, :",,,,,,
f100929t01p00r12_11 ,0.926333761,35.28218073,Water,"210:240, :12, :",,,,,,
f100929t01p00r12_18,1.094765452,34.09352022,Water,"175:210, 200:215, :",,,,,,
f100929t01p00r12_19 ,0.898848242,38.52381071,Water,"65:95, 210:255, :",,,,,,
f100929t01p00r12_27 ,1.676690385,32.00915078,Water,":30, 240:, :",,,,,,
f100929t01p00r12_30 ,1.640458938,33.8458217,Water,"140:170, 120:140, :",,,,,,
f100929t01p00r12_31,2.117853425,27.00510016,Water,"170:205, 35:70, :",,,,,,
f100929t01p00r12_34,1.551733521,33.45575814,Water,"110:140, 90:105, :",,,,,,
f100929t01p00r12_46 ,1.077086845,35.12606674,Water,"140:160, 200:235, :",,,,,,
f100929t01p00r12_6  ,1.790955754,32.85032319,Water,":20, 60:95, :",,,,,,
f100929t01p00r12_7,1.465064644,31.17984921,Water,"90:130, 40:60, :",,,,,,
f100930t01p00r08_35 ,3.944735846,31.16275908,Water,"15:50, 55:85, :",,,,,,
f100930t01p00r08_47 ,1.647519317,34.2559891,Water,"150:180, :20, :",,,,,,
f100930t01p00r08_59,1.638143884,31.76253956,Water,":20, 60:85, :",,,,,,
f100930t01p00r08_62,1.549381694,34.84914019,Water,"5:35, 75:92, :",,,,,,
f100930t01p00r08_63 ,2.788111246,30.19198164,Water,":30, 188:208, :",,,,,,
f100930t01p00r08_66 ,1.431246667,34.48862902,Water,"190:205, :25, :",,,,,,
f100930t01p00r08_74 ,1.442778728,36.32808701,Water,"105:130, 25:45, :",,,,,,
f100930t01p00r08_79 ,1.636859768,33.80774735,Water,"145:165, 22:40, :",,,,,,
f100930t01p00r08_83 ,1.584711509,31.07561035,Water,"180:220, :20, :",,,,,,
f100930t01p00r08_86,1.47835331,32.25341776,Water,"138:160, 148:175, :",,,,,,
f100930t01p00r08_90,1.166776619,36.65262908,Water,"160:180, 90:110, :",,,,,,
f110513t01p00r02_18,1.147344377,33.74493705,Mountain,"240:, 230:, :",,,,,,
f110513t01p00r02_23 ,1.13942949,34.29876598,Mountain,"155:172, 118:135, :",,,,,,
f110513t01p00r02_33  ,0.976118064,34.30975128,Mountain,"215:235, 65:85, :",,,,,,
f110513t01p00r02_36 ,0.809654019,34.89268984,Mountain,"60:95, 105:125, :",,,,,,
f110513t01p00r02_50 ,0.515789668,33.14662489,Mountain,"215:245, 125:160, :",,,,,,
f110513t01p00r02_53 ,0.381670354,33.37070908,Mountain,"170:210, 90:120, :",,,,,,
f110513t01p00r02_56 ,2.217153643,27.58270068,Mountain,"160:180, 175:200, :",,,,,,
f110513t01p00r02_57,0.513140268,32.7632034,Mountain,"235:, 80:120, :",,,,,,
f110513t01p00r02_60,0.71061167,33.17281691,Mountain,"155:180, 120:148, :",,,,,,
f110513t01p00r02_62 ,0.434493181,34.56101858,Mountain,"105:125, 55:80, :",,,,,,
f110513t01p00r02_65  ,0.502107144,35.91002783,Mountain,"25:45, 78:100, :",,,,,,
f110513t01p00r02_69 ,1.079343811,35.26768237,Mountain,"240:, 35:60, :",,,,,,
f110513t01p00r02_72 ,1.053616795,32.49924382,Mountain,"165:200, 85:112, :",,,,,,
f110513t01p00r02_80,1.265493277,34.30887765,Mountain,"20:35, 38:58, :",,,,,,
f110726t01p00r05_16,1.590860435,28.97360178,Mountain,"210:245, :35, :",,,,,,
f110807t01p00r23_12  ,2.002595753,32.73129479,Mountain,"220:240, 90:130, :",,,,,,
f110807t01p00r23_4 ,1.222094637,36.61120283,Mountain,"55:80, 160:185, :",,,,,,
f110807t01p00r23_6 ,0.991757175,34.58090011,Mountain,"120:140, 150:170, :",,,,,,
f110814t01p00r14_14  ,1.12262757,40.53361915,Farm,"130:160, :20, :",,,,,,
f110814t01p00r14_18 ,0.958677044,30.1258663,Farm,"220:250, 21:45, :",,,,,,
f110814t01p00r14_20,0.962298684,35.70533658,Farm,"155:180, 220:250, :",,,,,,
f110816t01p00r07_10,0.920572061,34.55102592,Farm,"175:215, 145:170, :",,,,,,
f110816t01p00r07_16  ,0.861349491,39.14647914,Farm,"30:45, 30:45, :",,,,,,
f110816t01p00r07_18 ,1.406894621,34.74208973,Farm,"10:30, 215:232, :",,,,,,
f110816t01p00r07_20,1.971391225,33.41486538,City,"140:163, 235:, :",,,,,,
f110816t01p00r07_30  ,2.114344541,28.98593775,City,"80:95, :30, :",,,,,,
f110816t01p00r07_38  ,1.640558715,35.61954709,City,"70:90, 65:85, :",,,,,,
f110816t01p00r07_4 ,0.740909237,34.81166007,Farm,"210:230, 35:68, :",,,,,,
f110816t01p00r07_6 ,0.936868099,33.07852777,Farm,"135:150, 65:113, :",,,,,,
f110816t01p00r07_8,0.921590554,33.43837583,Farm,"138:158, :25, :",,,,,,
f110816t01p00r11_12,1.02516451,33.50795031,Farm,"200:230, 235:, :",,,,,,
f110816t01p00r11_14,0.74679966,37.04262971,Farm,"240:, 218:, :",,,,,,
f110816t01p00r11_20,0.902149917,35.33693126,Farm,"20:45, 125:150, :",,,,,,
f110816t01p00r11_22 ,1.274360043,39.71242207,Farm,"50:70, :30, :",,,,,,
f110816t01p00r11_24 ,0.594058824,36.24354931,Farm,":15, 160:180, :",,,,,,
f110816t01p00r11_26 ,0.657061676,37.42778567,Farm,"170:190, :35, :",,,,,,
f110816t01p00r11_30 ,0.791170639,34.79033474,Farm,"22:40, 230:252, :",,,,,,
f110816t01p00r11_34 ,0.812622206,37.42103466,Farm,"190:212, 75:95, :",,,,,,
f110816t01p00r11_38,0.822918443,38.8965857,Farm,"50:70, 75:95, :",,,,,,
f120920t01p00r07_39 ,1.632641647,27.52724049,Vegetation,"240:, 60:120, :",,,,,,
f130606t01p00r16_101,1.380711466,39.29241192,Mountain,"140:160, 90:120, :",,,,,,
f130606t01p00r16_146 ,0.823602137,33.08951069,Mountain,"139:164, 95:125, :",,,,,,
f130606t01p00r16_24,0.515487591,35.31950775,Farm,":30, 150:170, :",,,,,,
f130606t01p00r16_36 ,0.55557482,39.10839314,Farm,"200:225, :30, :",,,,,,
f130606t01p00r16_39 ,0.430824701,34.58697744,Farm,"35:55, 43:60, :",,,,,,
f130606t01p00r16_53,1.153542137,28.70216175,Mountain,"40:70, 55:95, :",,,,,,
f130606t01p00r16_65,1.32032393,37.653812,Mountain,"62:75, 35:65, :",,,,,,
f131204t01p00r08_6 ,1.198648034,30.77142289,Mountain,"220:, 140:190, :",,,,,,
f131204t01p00r08_99,1.486948809,31.98116439,Mountain,"120:145, 25:40, :",,,,,,
f140829t01p00r08_6,0.864287972,36.42698057,Mountain,"175:220, 10:52, :",,,,,,
f140829t01p00r08_92 ,1.94787941,28.61833726,Mountain,"150:180, 180:245, :",,,,,,
f150824t01p00r13_39,0.712608622,29.72214738,Farm,"45:70, 100:130, :",,,,,,
f150824t01p00r13_68,0.97396718,35.58131689,Mountain,"140:165, 210:240, :",,,,,,
f170222t01p00r06_112,1.530005302,30.89286266,Water,"70:105, 22:62, :",,,,,,
f170222t01p00r06_117 ,1.019842625,45.46636206,Water,"20:45, 205:240, :",,,,,,
f170222t01p00r06_13  ,1.171379995,37.60506604,Water,"220:250, 15:45, :",,,,,,
f170222t01p00r06_14,1.001279226,39.22242645,Water,"82:108, 35:65, :",,,,,,
f170222t01p00r06_34,0.910848543,34.45773621,Water,"45:70, 25:50, :",,,,,,
f170222t01p00r06_39 ,1.013712464,35.31267988,Water,"118:140, 55:85, :",,,,,,
f170222t01p00r06_44,1.151012104,33.13385203,Water,"100:130, 35:60, :",,,,,,
f170222t01p00r06_48,0.911113659,38.15887121,Water,"95:115, 155:190, :",,,,,,
f170222t01p00r06_49 ,1.101761256,36.64156793,Water,"80:110, 160:190, :",,,,,,
f170222t01p00r06_59 ,1.233405717,37.41647834,Water,"50:70, 140:170, :",,,,,,
f170507t01p00r09_26,0.785534809,37.24741916,City,"90:120, 130:150, :",,,,,,
f170507t01p00r09_35,0.785739857,34.62261991,Vegetation,"45:70, 130:150, :",,,,,,
f170507t01p00r12_41,0.775287169,33.94504491,Vegetation,"30:55, 150:175, :",,,,,,
f170507t01p00r12_59 ,0.737524494,31.81790097,Vegetation,"30:45, 60:95, :",,,,,,
f171206t01p00r09_142 ,0.894977816,35.53527578,Mountain,"50:70, 100:150, :",,,,,,
f180209t01p00r07_34 ,0.955602607,36.89318091,Vegetation,"85:105, 110:145, :",,,,,,
f180209t01p00r07_46,0.980692805,33.57779306,Cloud,"90:120, 190:225, :",,,,,,
f180628t02p00r11_15,0.817283919,28.77649463,Farm,"230:, 113:160, :",,,,,,
f180628t02p00r11_27,0.571853805,34.72605189,Farm,"120:140, 175:198, :",,,,,,
f180913t01p00r05_8  ,0.430748308,34.82140126,Mountain,"40:70, 195:225, :",,,,,,
f190806t01p00r08_9,1.49610043,33.417263,Mountain,"138:160, 210:232, :",,,,,,
f190806t01p00r15_69 ,0.633138381,30.93113776,Farm,":25, 200:, :",,,,,,
f190821t01p00r15_10 ,0.788536011,35.54450255,Mountain,"155:190, 5:35, :",,,,,,
f190821t01p00r15_11  ,0.889331495,33.67490484,Mountain,"140:165, 105:130, :",,,,,,
f190821t01p00r26_44,1.08838221,34.53057368,Mountain,"60:90, :20, :",,,,,,
f190821t01p00r26_59 ,0.669493906,38.92360162,Mountain,"208:240, 100:140, :",,,,,,
